Date,PM2.5,PM10,NO2,CO
03.02.2018,115.2,252.92,76.62,1.32
04.02.2018,146.91,292.96,69.03,1.44
05.02.2018,183.53,351.23,98.76,2.15
06.02.2018,147.41,290.36,90.27,1.65
07.02.2018,137.08,272.28,74.15,1.73
08.02.2018,181.87,341.12,94.38,3.08
09.02.2018,223.15,402.12,87.34,3.22
10.02.2018,207.79,414.25,87.42,4.55
11.02.2018,163.37,332.23,78.65,2.66
12.02.2018,76.39,157.32,43.61,0.8
13.02.2018,111.73,190.07,70.56,1.35
14.02.2018,68.38,147.43,44.56,0.66
15.02.2018,84.13,174.02,50.75,0.88
16.02.2018,151.86,258.57,71.82,1.3
17.02.2018,143.49,281.74,72.12,1.38
18.02.2018,132.72,291.24,78.1,1.72
19.02.2018,154.23,323.32,92.56,2.76
20.02.2018,174.71,360.92,84.7,2.9
21.02.2018,159.92,372.38,102.97,4.35
22.02.2018,151.08,320.67,90.36,2.63
23.02.2018,152.67,348.54,97.27,2.87
24.02.2018,177.17,397.83,84.76,2.15
25.02.2018,103.5,248.46,56.39,0.97
26.02.2018,57.92,165.5,39.51,0.54
27.02.2018,77.14,202.99,62.31,1.22
28.02.2018,126.1,311.09,75.83,1.97
01.03.2018,104.81,272.3,77.15,2.07
02.03.2018,111.61,266.23,84.02,2.27
03.03.2018,91.8,252.87,68.72,1.45
04.03.2018,76.92,224.16,57.37,1.01
05.03.2018,62.36,177.97,53.82,0.97
06.03.2018,65.32,179.55,52.6,0.78
07.03.2018,86.56,217.09,70.47,1.39
08.03.2018,113.08,265.81,105.62,3.33
09.03.2018,121.45,286.47,82.7,2.65
10.03.2018,69.28,175.56,54,0.75
11.03.2018,90.76,236.1,65.99,1.28
12.03.2018,101.94,241.39,79.41,1.53
13.03.2018,101.37,268.59,86.68,2.27
14.03.2018,109.85,370.97,80.21,2.26
15.03.2018,102.42,318.02,78.84,1.19
16.03.2018,109.68,284.07,66.53,1.21
17.03.2018,112.96,256.48,55.24,0.85
18.03.2018,55.61,153.85,48.26,0.74
19.03.2018,84.26,224.76,85.68,1.57
20.03.2018,111.4,284.21,102.94,2.16
21.03.2018,141.8,336.62,68.33,1.61
22.03.2018,78.07,189.47,47.27,0.85
23.03.2018,62.79,156.52,53.04,0.85
24.03.2018,70.41,190.2,59.43,0.79
25.03.2018,75.35,220.2,59.79,0.88
26.03.2018,69.3,206.3,60.58,1.1
27.03.2018,86.79,248.01,80.71,1.93
28.03.2018,90.67,280.13,73.62,2.3
29.03.2018,94.25,225.31,61.36,1.03
30.03.2018,101.65,273.23,79.38,1.37
31.03.2018,114.96,350.46,71.5,1.37
01.04.2018,78.33,224.54,63.97,1.02
02.04.2018,92.71,259.46,84.4,1.6
03.04.2018,104.79,292.92,91.99,1.57
04.04.2018,101.71,296.42,91.43,2.23
05.04.2018,138.79,391,92.38,2.69
06.04.2018,98.96,237.09,71.23,1.19
07.04.2018,46.5,149.58,51.3,0.83
08.04.2018,46.58,149.17,45.27,0.75
09.04.2018,44.5,133.29,60.82,1.19
10.04.2018,93.1,270.69,67.41,1.41
11.04.2018,51.85,139.43,47.52,0.67
12.04.2018,40.18,120.71,60.08,0.97
13.04.2018,66.01,180.04,75.83,1.67
14.04.2018,86.64,241.75,84.23,2.03
15.04.2018,108.1,286.17,110.71,2.34
16.04.2018,127.17,361.83,98.29,2.28
17.04.2018,87.39,272.92,83.32,1.28
18.04.2018,76.13,237.46,57.04,0.68
19.04.2018,84.16,293.02,82.38,1.3
20.04.2018,83.35,393.98,27.25,0.86
21.04.2018,93.94,510.67,27.9,0.79
22.04.2018,40.46,210.1,26.7,0.79
23.04.2018,53.2,218.91,47.94,1.13
24.04.2018,84.33,279.41,76.91,1.69
25.04.2018,87.47,329.11,144.58,2.14
26.04.2018,133.69,464.26,83.72,1.75
27.04.2018,91.56,355.91,28.09,0.99
28.04.2018,77.49,350.32,21.69,0.87
29.04.2018,82.73,278.06,24.96,0.93
30.04.2018,81.72,233.8,28.7,0.95
01.05.2018,48.23,162.12,16.28,0.71
02.05.2018,51.31,175.3,17.36,0.73
03.05.2018,41.99,150.99,21.96,0.74
04.05.2018,43.69,128.4,26.15,0.85
05.05.2018,71.57,229.74,45.74,1.4
06.05.2018,99.16,305.36,66.03,1.24
07.05.2018,99.09,351.82,93.38,1.61
08.05.2018,49.49,142.15,16.27,0.73
09.05.2018,67.12,191.89,16.53,1.13
10.05.2018,92.14,247.3,23.28,1.35
11.05.2018,137.32,354.81,24.53,1.58
12.05.2018,159.04,418.33,28.51,1.57
13.05.2018,76,227.04,23.98,0.92
14.05.2018,54.12,161.21,36.94,0.92
15.05.2018,71.92,200.42,45.85,1.12
16.05.2018,74.71,254.3,34.01,1.22
17.05.2018,96.21,318.67,29.2,1.13
18.05.2018,94,280.79,29.29,1.29
19.05.2018,99.29,327.29,43.74,1.43
20.05.2018,70.92,238.08,24.8,1.1
21.05.2018,56.12,229.21,19.4,1.17
22.05.2018,81.12,282.62,18.23,1.58
23.05.2018,115.92,359.33,31.71,2
24.05.2018,113.42,344.04,19.02,2
25.05.2018,82.67,304.88,24.84,1.76
26.05.2018,86.5,280.21,25.37,1.6
27.05.2018,85.17,354.25,23.82,1.3
28.05.2018,97.75,303.71,15.69,1.51
29.05.2018,103.08,351.75,26.25,1.29
30.05.2018,56.04,315.42,28.9,1
31.05.2018,75.62,282.5,17.76,1.09
01.06.2018,68.62,250.04,21.44,0.91
02.06.2018,42.96,157.17,11.53,0.81
03.06.2018,82.08,146,13.46,0.87
04.06.2018,57.5,194.75,12.66,0.94
05.06.2018,48,164.17,12.07,0.92
06.06.2018,56.79,181.08,15.39,0.97
07.06.2018,68.9,191.89,14.17,2.24
08.06.2018,75.13,245.45,29.51,0.39
09.06.2018,48.25,134.1,15.69,1.99
10.06.2018,59.08,161.5,15.13,1
11.06.2018,65.58,252.08,16.75,1.13
12.06.2018,119.92,521.44,14.92,0.96
13.06.2018,208.62,869.75,14.99,0.83
14.06.2018,154.12,850.72,15.28,0.76
15.06.2018,106.67,563.59,15.77,0.83
16.06.2018,95.67,560.92,12.33,0.87
17.06.2018,77.04,322.33,12.89,0.86
18.06.2018,54.92,197.38,13.4,0.93
19.06.2018,48.88,169.29,13.22,0.9
20.06.2018,64.49,256.76,16.39,1.13
21.06.2018,69.47,299.11,17.24,1.05
22.06.2018,85.2,319.09,32.42,1.33
23.06.2018,76.19,290.99,21.31,1.19
24.06.2018,31.72,213.66,24.05,1.12
25.06.2018,0,0,30.64,1.08
26.06.2018,13.96,195.79,30.39,1.18
27.06.2018,44.57,130.62,21.37,1.25
28.06.2018,15.71,58.55,15.67,1.07
29.06.2018,30.52,75.6,18.93,1.33
30.06.2018,32.23,88.58,19.78,1.26
01.07.2018,26.06,100.62,15.94,1.12
02.07.2018,22.17,92.58,15.53,1.04
03.07.2018,38.42,113.23,18.35,1.18
04.07.2018,36,119.31,16.19,1.14
05.07.2018,43.62,153.25,20.23,1.65
06.07.2018,45.69,190.85,25.46,1.49
07.07.2018,58.83,184.23,23.06,1.33
08.07.2018,75.42,223.56,20.07,1.45
09.07.2018,59.66,164.81,13.78,1.2
10.07.2018,35.9,106.23,11.95,1.09
11.07.2018,33.3,106.39,15.54,1.26
12.07.2018,37.88,131.28,20.82,1.2
13.07.2018,19.54,55.85,18.46,1.19
14.07.2018,22.54,58.84,14.92,1.1
15.07.2018,25.82,65.58,16.16,1.11
16.07.2018,32.7,85.62,20.02,1.34
17.07.2018,21.26,75.95,16.19,1.12
18.07.2018,26.78,94.57,17.1,1.11
19.07.2018,23.42,75.46,14.92,1.1
20.07.2018,32.41,77.64,23.83,1.12
21.07.2018,42.43,97.08,22.17,0.88
22.07.2018,14.56,46.9,16.55,0.66
23.07.2018,28.09,72.74,16.51,0.78
24.07.2018,19.47,70.65,15.35,0.62
25.07.2018,19.99,67.01,17.23,0.82
26.07.2018,21.94,59.75,17.39,0.8
27.07.2018,14.51,35.93,18.73,0.88
28.07.2018,29.23,67.17,19.01,0.99
29.07.2018,34.21,126.33,17.58,0.83
30.07.2018,29.52,129.58,18.53,0.87
31.07.2018,38.73,177.9,21.15,0.87
01.08.2018,43.58,225.13,18.69,0.88
02.08.2018,54.77,297.19,17.35,0.83
03.08.2018,48.67,273.58,17.78,0.79
04.08.2018,52.25,278.92,18.01,0.59
05.08.2018,48.12,244.5,13.04,0.58
06.08.2018,49.23,140.77,14.75,0.76
07.08.2018,36.27,102.69,14.77,0.96
08.08.2018,28.04,83.96,14.32,0.76
09.08.2018,29.43,84.03,15.62,0.63
10.08.2018,51.61,140.83,38.98,2.13
11.08.2018,34.67,130.94,29.86,0.84
12.08.2018,28,127,0,0.7
13.08.2018,30.65,117,18.98,0.71
14.08.2018,45.31,136.77,19.76,0.84
15.08.2018,36.46,109.02,11.38,0.54
16.08.2018,29.79,86.85,16.28,0.88
17.08.2018,27.56,81.15,12.57,0.68
18.08.2018,28.56,79.69,13.12,0.59
19.08.2018,35.67,82.54,15.56,1.01
20.08.2018,47.36,108.32,16.46,1.33
21.08.2018,22.52,74.56,13.82,1.07
22.08.2018,27.04,74.92,14,0.99
23.08.2018,22.73,67.67,12.51,0.89
24.08.2018,16.19,81.53,11.56,0.92
25.08.2018,12.18,69.38,9.83,0.95
26.08.2018,17.58,77.79,8.86,0.38
27.08.2018,25.2,60.13,11.02,0.86
28.08.2018,27.29,50.48,10.07,0.43
29.08.2018,24.09,44.36,9.76,0.9
30.08.2018,46.83,118.07,21.43,0
31.08.2018,51.29,161.98,14.57,0
01.09.2018,53.04,120.56,18.2,3.52
02.09.2018,40.08,76.27,13.35,0.89
03.09.2018,45.92,72.15,25,0.67
04.09.2018,56.67,101.17,67.95,0.98
05.09.2018,42.82,120.61,41.26,3.92
06.09.2018,40.85,125.15,58.64,1.01
07.09.2018,47.94,101.26,89.35,0.89
08.09.2018,32.56,70.23,0,0.5
09.09.2018,22.98,48.54,0,0.37
10.09.2018,32.45,65,36.33,0.5
11.09.2018,29.61,92.66,27.09,1.83
12.09.2018,28.83,109.25,19.1,0.86
13.09.2018,29.62,125.85,17.06,0.45
14.09.2018,32.25,123.09,18.75,0.45
15.09.2018,37.46,128.1,19.04,0.49
16.09.2018,41.39,130.84,16.39,0.34
17.09.2018,55.74,171.03,19.05,0.43
18.09.2018,55.17,175.06,18.55,0.35
19.09.2018,61.73,191.39,20.13,0.62
20.09.2018,82.82,212.5,17.31,0.61
21.09.2018,39.32,106.81,9.89,0.23
22.09.2018,23.92,46.44,6.99,0.34
23.09.2018,30.02,56.35,5.61,0.49
24.09.2018,21.92,42.06,7.87,0.7
25.09.2018,26.92,64.69,8.89,0.92
26.09.2018,44.33,121.35,10.86,1.31
27.09.2018,77.33,185.48,12.77,1.92
28.09.2018,95.24,245.36,16.06,2.41
29.09.2018,91.35,234.83,14.8,1.82
30.09.2018,57.92,144.15,11.89,0.94
01.10.2018,68.04,193.15,15.33,1.37
02.10.2018,71.94,182.52,11.35,1.13
03.10.2018,57.4,182.44,13.52,1.18
04.10.2018,99.71,251.23,12.86,1.55
05.10.2018,135.02,301.85,16.66,2.04
06.10.2018,83.48,205.42,14.64,1.4
07.10.2018,82.69,224.73,13.98,1.31
08.10.2018,135.17,313.5,16.93,1.49
09.10.2018,118.67,285.46,13.58,1.45
10.10.2018,92.04,225.75,10.62,0.92
11.10.2018,69.77,200.54,9.53,0.71
12.10.2018,63.83,173.96,12.22,0.92
13.10.2018,131.47,265.57,15.07,1.33
14.10.2018,89.27,227.46,14.59,1.2
15.10.2018,116.27,300.33,17.65,1.56
16.10.2018,158.62,371.46,19.2,1.72
17.10.2018,158.79,384.06,15.06,2.47
18.10.2018,163.31,392.69,12.63,2.21
19.10.2018,137.7,324.91,12.33,1.35
20.10.2018,149,311.77,31.19,1.7
21.10.2018,136.42,287.1,39.38,1.99
22.10.2018,102.5,277.83,39.66,1.98
23.10.2018,99.08,296.5,44.58,2.32
24.10.2018,174.45,416.12,60.89,2.64
25.10.2018,176.61,396.04,35.86,2.88
26.10.2018,148.53,355.27,41.87,4.57
27.10.2018,207.58,419.4,35.87,4.18
28.10.2018,204.02,368.08,23.81,4.31
29.10.2018,221.12,403.21,18.7,3.89
30.10.2018,248.99,447,12.67,3.79
31.10.2018,213.82,397.1,9.43,3.63
01.11.2018,229.98,424.4,5.72,3.52
02.11.2018,213.4,385.21,1.75,2.75
03.11.2018,155.14,275.24,9.65,1.54
04.11.2018,95.54,179.42,8.97,1.09
05.11.2018,387.42,507.39,9.28,2.08
06.11.2018,176.85,315.02,9.32,1.49
07.11.2018,238.6,306.78,8.59,1.65
08.11.2018,485.02,599.05,3.72,3.05
09.11.2018,312.42,456.83,3.83,3.31
10.11.2018,316.65,489,9.39,3.43
11.11.2018,276.21,438.33,1.48,2.57
12.11.2018,297.78,488.67,1.07,3.33
13.11.2018,243.19,407.36,0.75,2.12
14.11.2018,136.56,222.49,0.57,1.82
15.11.2018,103.03,182.86,0.55,1.46
16.11.2018,144.65,238.41,0.59,1.33
17.11.2018,139.74,267.8,57.62,1.98
18.11.2018,175.83,305.04,53.16,1.61
19.11.2018,193.25,320.06,47.78,1.86
20.11.2018,220.4,366.81,57.15,2.33
21.11.2018,200.83,332.98,52.36,1.88
22.11.2018,136.25,304.17,66.27,2.65
23.11.2018,176.4,329.38,62.02,2
24.11.2018,95.19,220.9,49.95,1.41
25.11.2018,114.96,253.6,55.84,1.77
26.11.2018,193.81,374.31,67.91,3.05
27.11.2018,222.6,421.62,62.65,2.74
28.11.2018,202.16,395.32,49.55,3.2
29.11.2018,181.69,343.29,52.12,2.57
30.11.2018,177.08,332.52,52.64,2.08
01.12.2018,143.71,305.56,53.39,2.16
02.12.2018,163.65,331.88,56.27,3.23
03.12.2018,183.04,371.27,59.77,3.12
04.12.2018,210.15,399.06,64.19,3.35
05.12.2018,184.96,369.54,58.61,3.27
06.12.2018,245.92,456.9,67.07,3.84
07.12.2018,205.02,379.12,65.2,2.57
08.12.2018,220.02,376.56,70.98,2.45
09.12.2018,247.38,443.69,77.43,3.28
10.12.2018,306.92,538.56,67.51,2.99
11.12.2018,300.04,512.29,57.91,2.53
12.12.2018,180.21,293.1,46.87,1.83
13.12.2018,102.5,187.56,47.37,1.53
14.12.2018,119.73,215,46,1.56
15.12.2018,124.88,226.6,47.75,1.49
16.12.2018,131.27,250.29,51.23,1.7
17.12.2018,184.79,353.17,57.97,2.39
18.12.2018,185.42,337.12,64.41,1.78
19.12.2018,183.62,363.77,63.83,2.11
20.12.2018,230.17,433.21,71.39,2.92
21.12.2018,239.16,429.96,67.07,2.71
22.12.2018,319.9,552,71.72,2.65
23.12.2018,382.73,628.57,64.54,3.47
24.12.2018,355.83,601.23,75.36,3.88
25.12.2018,251.68,412.72,59.2,1.94
26.12.2018,191.18,346.95,60.77,2.24
27.12.2018,250.98,472.23,64.16,2.63
28.12.2018,217.15,395.15,58.77,1.95
29.12.2018,238.65,406.06,59.8,2.76
30.12.2018,363.2,513.97,67.5,3.58
31.12.2018,329.31,523.75,72.46,3.34
01.01.2019,334.57,505.57,66.66,2.83
02.01.2019,357.48,546.75,62.88,2.96
03.01.2019,371.11,525.56,70.08,2.44
04.01.2019,314.3,475.29,65.09,2.89
05.01.2019,310.04,464.17,50.13,2.19
06.01.2019,202.98,283.33,49.7,1.72
07.01.2019,209.46,312.79,51.27,2.02
08.01.2019,179.9,272.21,48.14,1.57
09.01.2019,150.28,249.85,48.45,1.45
10.01.2019,169.67,281.1,57.37,2.07
11.01.2019,347.21,518.02,71.1,3.42
12.01.2019,350.31,515.1,72.57,3.11
13.01.2019,299.41,428.81,62.59,2.01
14.01.2019,92.77,177.85,46.24,0.92
15.01.2019,136.94,237.62,51.31,1.4
16.01.2019,304.23,468.58,61.55,2.52
17.01.2019,408.35,584.27,75.24,3.25
18.01.2019,238.02,369.21,63.86,2.05
19.01.2019,258.46,411.74,61.98,2.76
20.01.2019,322.73,517.64,67.94,3.18
21.01.2019,148.35,250.01,40.82,1.11
22.01.2019,58.64,84.28,27.49,0.9
23.01.2019,127.38,200.83,35.78,1.75
24.01.2019,129.77,218.11,33.19,1.21
25.01.2019,73.34,129.2,40,0.92
26.01.2019,94.31,163.23,36.55,0.85
27.01.2019,127.41,207.29,40.67,1.03
28.01.2019,114.21,210.62,43.68,1.09
29.01.2019,132.98,248.23,46.94,1.35
30.01.2019,187.67,347.94,52.58,1.97
31.01.2019,168.15,328.96,43.86,1.49
01.02.2019,157.26,260.85,41.89,1.19
02.02.2019,179.18,281.67,39.05,1.26
03.02.2019,129.62,221.82,36.12,1.31
04.02.2019,120.7,243.01,48.97,2.2
05.02.2019,213.77,426.53,54.89,2.85
06.02.2019,152.6,267.79,35.18,1.54
07.02.2019,54.75,99.73,21.9,1.05
08.02.2019,66.19,166.9,36.67,1.12
09.02.2019,67.56,168.62,38.43,1.2
10.02.2019,122.27,257.38,42.32,1.54
11.02.2019,152.75,333.35,54.56,2.29
12.02.2019,189.79,385.62,61.26,2.58
13.02.2019,201.17,394.15,51.06,2.15
14.02.2019,128.31,221.88,38.33,1.26
15.02.2019,96.4,177.25,38.59,1.31
16.02.2019,101.49,180.71,29.41,1.17
17.02.2019,93.4,184.9,28.57,1.17
18.02.2019,104.04,220.67,32.87,1.33
19.02.2019,119.17,257.03,33.49,1.56
20.02.2019,83.58,175.9,30.18,1.28
21.02.2019,83.77,213.69,34.59,1.62
22.02.2019,68.3,166.08,32.1,1
23.02.2019,51.65,0,35.94,0.95
24.02.2019,91,0,43.23,1.09
25.02.2019,95.71,0,44.23,1.17
26.02.2019,57.6,0,37.39,0.93
27.02.2019,54.45,0,35.59,1.08
28.02.2019,95,0,39.98,1.39
01.03.2019,90.26,135.57,42.44,1.35
02.03.2019,105.84,172.76,46.63,1.45
03.03.2019,68.23,106.54,29.23,1.25
04.03.2019,105.5,170.35,34.56,1.73
05.03.2019,72.12,125.02,36.86,1.27
06.03.2019,77.25,146.04,44.35,1.43
07.03.2019,100.08,180.81,52.71,1.65
08.03.2019,90.15,174.62,51.5,1.46
09.03.2019,65.6,129.83,45.53,1.03
10.03.2019,73.2,125.7,46.97,1.12
11.03.2019,77.96,162.5,43.12,1.33
12.03.2019,52.67,118.98,37.86,0.94
13.03.2019,98.02,280.5,61.89,1.68
14.03.2019,118.73,254.04,47.35,1.6
15.03.2019,74.66,160.84,40.57,1.13
16.03.2019,64.61,149.21,46.43,1.1
17.03.2019,85.61,177.59,46.98,1.18
18.03.2019,96.91,195.77,51.21,1.34
19.03.2019,98.67,225.94,50.29,1.4
20.03.2019,88.77,215.85,43.66,1.2
21.03.2019,117.04,166.88,31.15,1.31
22.03.2019,31.96,111.15,36.08,0.8
23.03.2019,45.03,131.81,36.82,0.87
24.03.2019,49.92,120.04,33,0.84
25.03.2019,61.19,135.42,36.49,0.98
26.03.2019,63.23,146.58,42.83,1.09
27.03.2019,67.66,178.74,52.16,1.46
28.03.2019,94.29,231.35,57.54,1.94
29.03.2019,121.31,275.56,52.79,2
30.03.2019,97.25,235.69,44.86,1.69
31.03.2019,47.31,157.42,39.44,0.98
01.04.2019,52.75,151.42,45.97,0.91
02.04.2019,84.81,185.48,59.8,1.26
03.04.2019,83.35,188.38,59.66,1.68
04.04.2019,128.48,265.92,64.8,2.03
05.04.2019,176.82,317.63,59.87,3.51
06.04.2019,88.6,235.51,42.84,2.15
07.04.2019,120.6,245.99,30.23,2.08
08.04.2019,73.46,247.78,34.26,1.67
09.04.2019,78.15,181.66,40.41,0.84
10.04.2019,91.47,212.57,51.25,1.6
11.04.2019,69.29,171.49,44.97,1.09
12.04.2019,57.05,177.82,38.61,1.45
13.04.2019,46.52,129.33,35.32,0.8
14.04.2019,42.96,127.65,36.58,0.71
15.04.2019,43.38,150.65,41.5,1.15
16.04.2019,44.79,133.07,24.75,0.68
17.04.2019,20.29,50.15,22.41,0.72
18.04.2019,32.77,68.85,31.24,0.8
19.04.2019,64.12,107.88,38.1,0.86
20.04.2019,83.29,135.19,46.51,1.14
21.04.2019,77.25,139.54,46.05,1.1
22.04.2019,98.85,213.27,52.24,1.37
23.04.2019,97.54,266.75,52.39,1.26
24.04.2019,73.96,217.38,40.68,0.98
25.04.2019,73.21,228.11,32.13,0.86
26.04.2019,68.54,249.85,47.18,1.49
27.04.2019,57.23,282.31,43.98,1.21
28.04.2019,59.69,254.85,40.88,1.25
29.04.2019,71.33,263.22,55.45,1.83
30.04.2019,85.57,290.18,54,1.5
01.05.2019,112.78,348.48,58.4,1.84
02.05.2019,67.52,267.88,32.92,1.15
03.05.2019,38.31,134.33,34.19,1.26
04.05.2019,82.78,163.48,47.51,1.38
05.05.2019,54.59,184.19,48.59,1.96
06.05.2019,94.83,255.44,62.7,2.37
07.05.2019,105.79,320.83,55.31,2.63
08.05.2019,106.06,353.23,50.73,2.12
09.05.2019,98.9,358.86,49.18,1.61
10.05.2019,59.12,255.43,38.89,1.11
11.05.2019,101.68,292.01,48.28,1.4
12.05.2019,144.85,275.02,43.92,1.55
13.05.2019,147.49,223.08,45.02,1.55
14.05.2019,43.66,113.34,39.42,1.27
15.05.2019,76.19,148.82,47.67,1.53
16.05.2019,66.69,152.77,47.05,1.57
17.05.2019,65.06,160.83,36.82,1.2
18.05.2019,37.02,81.58,38.74,1.15
19.05.2019,70.33,85.46,46.35,1.38
20.05.2019,75.6,151.91,57.21,1.56
21.05.2019,66.6,201.73,45.56,1.29
22.05.2019,52.79,116.98,54.95,1.86
23.05.2019,73.92,143.16,47.89,1.58
24.05.2019,51.08,101.85,37.28,1.5
25.05.2019,32.57,115.97,36.52,1.21
26.05.2019,48.67,122.96,35.68,1.14
27.05.2019,30.7,131.06,56.11,1.5
28.05.2019,36.53,158.28,62.59,1.91
29.05.2019,56.04,191.85,60.83,2.19
30.05.2019,69.29,230.73,65.38,2.18
31.05.2019,67.27,321.96,52.59,2.05
01.06.2019,76.68,268.06,37.99,1.46
02.06.2019,57.75,215.83,19.28,1.22
03.06.2019,50.62,306.48,18.85,1.14
04.06.2019,43.98,172.1,23.24,1.23
05.06.2019,61.42,216.27,29.37,1.36
06.06.2019,57.43,223.57,29.31,1.19
07.06.2019,49.94,165.06,26.61,1.26
08.06.2019,71.62,209.81,45.56,1.93
09.06.2019,84.67,269.1,52.33,2.19
10.06.2019,56.76,218.07,55.77,1.96
11.06.2019,95.21,330.09,46.77,1.48
12.06.2019,44.76,252.58,22.58,1.02
13.06.2019,43.35,205.25,34.21,1.21
14.06.2019,40.25,189.19,41.11,1.61
15.06.2019,60,260.28,47.24,1.37
16.06.2019,29.35,170,19.77,0.94
17.06.2019,28.25,142.38,28.92,1.1
18.06.2019,22.44,84.77,34.64,1.23
19.06.2019,74.75,220.85,33.43,1.34
20.06.2019,41.52,145.23,23.67,1.15
21.06.2019,63.94,209.66,42.51,1.67
22.06.2019,49.92,155.83,36.3,1.19
23.06.2019,27.04,122.4,11.84,1.03
24.06.2019,16.69,80.15,12.94,1.04
25.06.2019,40.35,117.96,22.26,1.3
26.06.2019,54.04,153.56,35.71,1.34
27.06.2019,54.69,225.83,40.06,1.52
28.06.2019,47.12,232.08,36.57,1.3
29.06.2019,47.06,257.14,36.01,1.2
30.06.2019,0,264.98,25.45,0.95
01.07.2019,50.71,198.59,26.88,0.83
02.07.2019,67.9,236.65,22.15,0.92
03.07.2019,31.29,108.02,17.33,0.85
04.07.2019,35.49,110.64,29.38,1.2
05.07.2019,42.1,95.5,30.95,1.25
06.07.2019,31.19,82.29,20.99,0.94
07.07.2019,38.1,105.98,29.28,1.19
08.07.2019,49.42,160.29,29.77,1.08
09.07.2019,41.93,143.31,28.16,0.98
10.07.2019,66.23,295.5,27.88,1.18
11.07.2019,68.08,355.44,23.1,0.88
12.07.2019,66.4,362.31,24.96,0.99
13.07.2019,60.69,353.44,24.11,0.85
14.07.2019,58.32,298.88,19.41,0.76
15.07.2019,33.29,139.21,23.25,0.99
16.07.2019,28.56,82.98,20.49,0.84
17.07.2019,32.21,85.71,29.15,1.03
18.07.2019,36.06,101.12,32.57,1.36
19.07.2019,59.98,171.81,28.28,1.24
20.07.2019,45.23,131.23,32.73,1.22
21.07.2019,42.77,97.96,23.16,1.28
22.07.2019,54.52,119.04,27.51,1.39
23.07.2019,63.21,165.52,35.17,1.49
24.07.2019,58.35,159.23,32.13,1.18
25.07.2019,22.92,72.02,28.52,1.12
26.07.2019,25.09,52.45,21.88,1.01
27.07.2019,21.37,38.18,17.73,0.94
28.07.2019,17.17,42.67,11.92,0.78
29.07.2019,18.02,62.94,14.86,0.83
30.07.2019,25.06,71.52,18.74,0.9
31.07.2019,24.27,68.6,16.68,0.87
01.08.2019,28.94,78.15,17.76,0.88
02.08.2019,33.44,85.1,22.72,1.04
03.08.2019,35.08,69.88,20.64,1.03
04.08.2019,39.25,78.06,21.21,1.15
05.08.2019,49.98,103.69,23.04,1.25
06.08.2019,28.44,64.27,24.51,1.19
07.08.2019,28.11,77.5,22.75,1.25
08.08.2019,15.78,59.15,17.4,0.91
09.08.2019,10.46,55.07,12.31,0.75
10.08.2019,13.24,41.88,13.15,0.78
11.08.2019,19.78,56.22,15.73,0.86
12.08.2019,19.24,57.35,23.84,1.2
13.08.2019,15.88,52.25,20.72,1.03
14.08.2019,33.02,67.15,30.52,1.57
15.08.2019,27.02,56.6,17,1.11
16.08.2019,11.9,31.35,11.78,0.8
17.08.2019,8.15,15.52,11.03,0.77
18.08.2019,16.12,35.58,19.02,1.06
19.08.2019,38.27,90.42,27.15,1.36
20.08.2019,42.21,109,29.47,1.36
21.08.2019,41.38,132.56,32.1,1.28
22.08.2019,41.46,131.69,32.61,1.55
23.08.2019,51.18,160.43,30.11,1.67
24.08.2019,210,157.83,30.63,1.42
25.08.2019,0,56.02,16.68,0.87
26.08.2019,22.68,62.96,17.49,0.95
27.08.2019,34.62,99.44,21.88,1.06
28.08.2019,33.33,95.77,21.69,1
29.08.2019,32,90.81,20.75,0.99
30.08.2019,33.47,89.87,22.51,1.09
31.08.2019,50.55,119.55,38.33,1.49
01.09.2019,25.46,67.81,18.84,0.96
02.09.2019,49.49,104.6,27.61,1.22
03.09.2019,81.59,157.79,34.48,1.8
04.09.2019,56.58,141.92,24.25,1.48
05.09.2019,26.19,77.15,15.71,1
06.09.2019,28.23,80.54,17.12,1.07
07.09.2019,29.27,78.69,17.24,0.99
08.09.2019,31.69,75.21,16.23,0.96
09.09.2019,53.73,115.29,22.78,1.08
10.09.2019,75.21,175.92,31.39,1.48
11.09.2019,76.88,185.4,30.79,1.53
12.09.2019,52.54,133.92,20.45,1.16
13.09.2019,27.56,72.75,15.12,0.99
14.09.2019,25.42,65.79,10.89,0.88
15.09.2019,33.33,76.88,15.59,1.12
16.09.2019,61.33,135.48,24.35,1.33
17.09.2019,59.79,141.65,27.12,1.3
18.09.2019,32.6,94.79,15.14,1.01
19.09.2019,18.25,60.8,11.7,0.85
20.09.2019,36.91,100.32,18.26,1.13
21.09.2019,39.24,103.04,17.21,1.19
22.09.2019,23.4,66.59,14.88,0.97
23.09.2019,24.98,68.5,18.36,1.06
24.09.2019,39.51,103.69,22.36,1.14
25.09.2019,27.74,77.05,17.64,0.98
26.09.2019,19.17,63.42,13.79,0.9
27.09.2019,12.17,47.64,13.17,0.93
28.09.2019,15.25,51.67,11.97,0.86
29.09.2019,12.12,37.31,10.53,0.82
30.09.2019,26.94,76.78,15.7,1.02
01.10.2019,30.65,84.19,15.58,1.1
02.10.2019,41.18,103.52,18.29,1.15
03.10.2019,55.04,168.3,25.2,1.39
04.10.2019,43.53,102.19,29.22,1.21
05.10.2019,35.97,101.41,30.9,1.3
06.10.2019,56.89,136.03,32.88,1.21
07.10.2019,54.53,139.1,33.18,1.15
08.10.2019,40.43,110.97,29.95,1.13
09.10.2019,75.86,198.18,34.44,1.56
10.10.2019,93.57,218.89,43.39,1.58
11.10.2019,96.54,205.47,47.44,1.7
12.10.2019,99.93,210.89,42.03,1.9
13.10.2019,121.1,255.02,44.87,2.18
14.10.2019,110.1,236.73,44.36,2.17
15.10.2019,149.81,332.98,44.56,2.34
16.10.2019,143.08,277.31,36.91,1.71
17.10.2019,116.46,247.77,33.31,1.45
18.10.2019,86.02,198.81,31.01,1.3
19.10.2019,84.75,192.12,53.74,1.76
20.10.2019,96.94,199.5,45.83,1.7
21.10.2019,113.54,233.92,57.44,1.73
22.10.2019,89.02,210.27,51.42,2.25
23.10.2019,116.92,288.79,63.74,3.98
24.10.2019,181.16,402.36,62.27,3.72
25.10.2019,121.94,282.46,45.66,3.33
26.10.2019,164.91,333.95,52.56,2.06
27.10.2019,205.6,348.96,48.38,1.4
28.10.2019,275.45,405.66,49.92,1.5
29.10.2019,286.23,455.65,61.99,2.22
30.10.2019,276.17,466,60.11,2.61
31.10.2019,296.63,493.58,70.67,2.93
01.11.2019,403.62,611.06,71.43,2.52
02.11.2019,320.09,464.41,54.68,1.84
03.11.2019,543.83,645.48,44.7,2.15
04.11.2019,249.22,350,45.19,1.45
05.11.2019,171.65,276.75,42.45,1.29
06.11.2019,100.44,238.28,46.66,1.32
07.11.2019,205.29,346.25,49.69,1.5
08.11.2019,161.67,286.65,58.03,1.97
09.11.2019,135.59,238.46,48.48,1.55
10.11.2019,192.76,294.09,53.82,1.7
11.11.2019,286.41,423.36,74.39,2.33
12.11.2019,403.7,561.76,79.76,2.95
13.11.2019,388.68,558.58,98.49,1.59
14.11.2019,395.48,610.34,101.47,2.59
15.11.2019,418.62,554.85,73.64,2.3
16.11.2019,165.81,293.79,53.61,1.22
17.11.2019,96.85,166.38,41.73,1.04
18.11.2019,95.73,173.1,46.63,1.44
19.11.2019,128.48,222.98,54.61,1.55
20.11.2019,161.29,299.9,78.95,2.6
21.11.2019,243.33,446.29,100.18,4.36
22.11.2019,212.77,352.2,88.96,2.8
23.11.2019,128.69,225.12,62.62,1.27
24.11.2019,107.27,179.35,55.25,1.01
25.11.2019,126.6,244.71,62.15,1.73
26.11.2019,112.71,243.56,41.4,1.34
27.11.2019,68.17,150.1,34.28,0.93
28.11.2019,31.6,71.29,24.12,0.5
29.11.2019,57.56,113.52,35.86,1.06
30.11.2019,97.25,161.12,40.83,1.34
01.12.2019,122.98,188.12,41.03,1.17
02.12.2019,126.1,226.29,52.24,1.83
03.12.2019,122.04,223.71,53.4,1.27
04.12.2019,171.83,311.77,68.28,2.43
05.12.2019,286.04,446.27,92.53,3.92
06.12.2019,254.4,381.11,68.42,2.26
07.12.2019,261.35,397.31,59.34,3.21
08.12.2019,243.65,360.33,59.16,2.85
09.12.2019,211.32,322.98,66.78,3.24
10.12.2019,242.02,373.88,65.2,2.86
11.12.2019,323.5,508.23,66.17,3.56
12.12.2019,273.31,397.04,45.84,1.66
13.12.2019,100.13,149.76,36.06,0.7
14.12.2019,83.03,140.19,38.92,3.6
15.12.2019,103.25,154.81,35.91,1.35
16.12.2019,106.25,146.98,30.61,0.97
17.12.2019,112.69,160.44,31.18,1.01
18.12.2019,176.46,240.38,43.48,1.45
19.12.2019,300.8,399.81,38.45,1.98
20.12.2019,374.77,501.9,51.69,2.25
21.12.2019,285.71,383.06,42.34,2.21
22.12.2019,162.15,214.26,30.51,1.43
23.12.2019,198.84,271.41,37.65,1.86
24.12.2019,307.83,441.35,44.33,2.01
25.12.2019,195.81,279.46,29.13,1.44
26.12.2019,230.96,332.52,35.15,1.51
27.12.2019,288.21,420.06,48.29,1.76
28.12.2019,391.74,566.76,47.75,2.5
29.12.2019,427.1,614.69,52.1,2.19
30.12.2019,378.48,542.65,37.99,2.56
31.12.2019,310.73,306.38,35.78,2
01.01.2020,475.22,591.96,52.48,4.06
02.01.2020,368.88,521.27,56.61,4.38
03.01.2020,231.83,350.92,51.73,3.11
04.01.2020,219.62,332.79,70.68,2.81
05.01.2020,175.46,256,60.27,1.68
06.01.2020,155.27,246.85,56.7,1.77
07.01.2020,122.26,176.11,38.7,1.32
08.01.2020,134.71,167.69,35.17,1.57
09.01.2020,105.41,151.86,36.81,2
10.01.2020,150.22,226.71,53.76,1.38
11.01.2020,160.55,255.02,60.02,2.5
12.01.2020,253.17,392.08,64.31,2.95
13.01.2020,248.04,377.46,51.03,2.25
14.01.2020,135.44,190.54,42.73,1.39
15.01.2020,122.08,194.75,50.64,1.58
16.01.2020,144.92,206.46,48.32,1.68
17.01.2020,93.75,139.38,38.14,1.64
18.01.2020,147.79,234.25,47.94,1.92
19.01.2020,147.17,204.17,36.8,1.44
20.01.2020,157.34,242.93,41.81,1.95
21.01.2020,237.19,358.79,37.92,2.07
22.01.2020,219.83,335.98,48.57,2.47
23.01.2020,74.44,148.25,40.14,1.15
24.01.2020,78.02,161.42,43.39,1.41
25.01.2020,136.12,244.85,56.67,2.14
26.01.2020,203.35,316.19,49.03,2.76
27.01.2020,223.54,349.96,56.11,2.32
28.01.2020,118.62,153,31.48,1.3
29.01.2020,84.45,170.45,46.14,1.91
30.01.2020,94.58,172.19,42.72,1.53
31.01.2020,92.46,161.75,44.5,1.4
01.02.2020,117.69,206.35,48.89,1.56
02.02.2020,131.25,203.58,49.14,1.5
03.02.2020,143.27,238.79,55.18,1.9
04.02.2020,218.35,383.33,60.12,2.62
05.02.2020,148.08,249.02,56.26,1.82
06.02.2020,133.21,215.73,49.93,1.5
07.02.2020,193.31,316.83,62.62,2.02
08.02.2020,154.44,231.98,46.98,1.4
09.02.2020,155.89,242.59,49.94,1.6
10.02.2020,193.67,318.07,62.75,2.29
11.02.2020,177.06,308.56,65.47,2.37
12.02.2020,186.67,300.5,55.95,1.36
13.02.2020,101.02,193.16,41.73,0.85
14.02.2020,71.35,186.04,37.37,0.79
15.02.2020,86.62,198.67,48.24,0.95
16.02.2020,130.46,241.52,55.37,1.62
17.02.2020,154.32,282.56,63.85,1.48
18.02.2020,126.85,260.4,60.43,1.43
19.02.2020,137.71,315.94,48.68,1.18
20.02.2020,103.73,237.06,32.18,0.62
21.02.2020,53.67,88.78,25.35,0.64
22.02.2020,71.22,144.41,36.86,1.46
23.02.2020,96.35,175.9,41.2,0.91
24.02.2020,65.78,152.41,46.7,0.96
25.02.2020,134.75,249.02,50.04,1.26
26.02.2020,136.08,294.04,50.21,1.36
27.02.2020,101.08,209.65,38.58,0.91
28.02.2020,84.52,171.48,25.15,0.85
29.02.2020,59.19,120.21,25.89,0.55
01.03.2020,42.73,94.17,32.7,1.08
02.03.2020,100.29,223.48,50.66,1.95
03.03.2020,80.1,194.31,49.31,1.27
04.03.2020,91.86,237.08,40.44,1.15
05.03.2020,29.83,67.79,27.23,0.58
06.03.2020,19.09,41.44,26.93,0.53
07.03.2020,39.05,88.84,26.56,0.64
08.03.2020,56.37,141.46,37.87,1.45
09.03.2020,64.4,171.73,37.7,1.03
10.03.2020,85.19,158.83,27.87,0.91
11.03.2020,56.4,119.71,22.83,0.79
12.03.2020,63.21,187.9,33.81,0.96
13.03.2020,59.94,194.48,32.7,0.75
14.03.2020,40.52,89.17,27.68,0.68
15.03.2020,52.92,123.48,33.19,0.81
16.03.2020,58.33,159.38,41.31,1.08
17.03.2020,66.35,171.33,49.34,1.38
18.03.2020,58.33,163.21,54.53,1.75
19.03.2020,82.51,187.86,49.92,1.71
20.03.2020,89.81,212.14,47.22,2
21.03.2020,68.48,166.02,49.67,1.87
22.03.2020,69.02,119.19,26.76,1.34
23.03.2020,45.77,95.19,21.71,1.43
24.03.2020,55.06,114.69,21.3,1.34
25.03.2020,37.28,68.81,15.63,1.19
26.03.2020,34.98,70.1,11.14,1.11
27.03.2020,24.94,41.29,9.93,1.07
28.03.2020,19.04,32.47,11.28,1.06
29.03.2020,21.75,51.08,7.56,1.06
30.03.2020,33.59,61.51,9.19,1.02
31.03.2020,30.54,59.94,8.96,1.05
01.04.2020,27.08,57.64,10.62,1.12
02.04.2020,23.57,53.83,7.56,1.09
03.04.2020,30,61.65,10.55,1.15
04.04.2020,37.05,69.03,14.7,1.14
05.04.2020,51.5,89.81,16.54,1.2
06.04.2020,54.56,106.08,16.12,1.22
07.04.2020,29.33,92.25,9.85,1.17
08.04.2020,26.65,75.69,10.15,1.08
09.04.2020,33.29,72.21,13.92,1.13
10.04.2020,58.62,109.94,20.14,1.42
11.04.2020,54.77,117.25,17.68,1.23
12.04.2020,37.46,87.23,13.09,1.28
13.04.2020,78.96,153.88,20.67,1.27
14.04.2020,53.59,136.66,25.39,1.52
15.04.2020,62.75,197,22.09,1.46
16.04.2020,70.92,182.12,22.17,1.44
17.04.2020,24.71,85.71,12.07,1.26
18.04.2020,23.63,115.98,10.87,1.2
19.04.2020,32.15,64.79,18.28,1.32
20.04.2020,43.5,101.42,20.77,1.43
21.04.2020,34.04,84.9,17.32,1.31
22.04.2020,49.5,107.98,22.03,1.42
23.04.2020,51.73,115.96,19.02,1.32
24.04.2020,64,124.1,19.36,1.6
25.04.2020,27.68,84.93,22.21,1.51
26.04.2020,44.95,116.77,11.83,1.37
27.04.2020,24.27,47.23,7.25,1.31
28.04.2020,40.48,75.31,10.3,1.32
29.04.2020,56.1,117.54,13.92,1.28
30.04.2020,51.06,117.85,12.32,1.62
01.05.2020,53.67,127.48,10.57,1.62
02.05.2020,33.38,105.58,7.12,1.4
03.05.2020,31.4,78.33,9.86,1.32
04.05.2020,23.29,55.79,13.9,1.34
05.05.2020,47.75,99.62,19.14,1.51
06.05.2020,48.79,153.75,16.14,1.39
07.05.2020,28.71,83,12.25,1.36
08.05.2020,41.05,110.33,15.16,1.38
09.05.2020,54.73,135.5,14.47,1.46
10.05.2020,38.19,108.44,10.84,1.32
11.05.2020,41.46,92.5,14.27,1.33
12.05.2020,37.9,84.1,12.07,1.27
13.05.2020,57.48,148.71,18.21,1.47
14.05.2020,48.48,128.77,25.15,1.45
15.05.2020,39.46,103.73,20,1.29
16.05.2020,63.95,132.29,24.04,1.32
17.05.2020,78.9,164.98,31.69,1.68
18.05.2020,82.52,174.1,34.98,1.43
19.05.2020,102.65,213.81,37.41,1.25
20.05.2020,29.17,123.15,41.76,1.42
21.05.2020,43.1,153.61,44.29,1.21
22.05.2020,69.83,190.1,49.36,1.31
23.05.2020,63.21,202.62,46.29,0.78
24.05.2020,43.79,162.08,34.16,0.83
25.05.2020,50.96,148.46,37.72,0.69
26.05.2020,43.4,188.92,45.91,0.97
27.05.2020,37.62,168.31,30.36,0.69
28.05.2020,34.23,258.02,16.9,0.5
29.05.2020,21.8,67.23,19.3,0.6
30.05.2020,24,58.17,20.66,0.63
31.05.2020,18.52,36.92,16.71,0.79
01.06.2020,47.62,93.56,27.92,0.77
02.06.2020,45.17,109.9,28.11,0.8
03.06.2020,47.15,119.88,33.68,0.79
04.06.2020,59.31,144.5,34.95,1.04
05.06.2020,43.71,98.71,26.87,0.66
06.06.2020,29.02,76.35,22.17,0.91
07.06.2020,40.17,96.58,27.3,0.74
08.06.2020,43.56,114.9,31.52,0.99
09.06.2020,68.25,184.69,37.5,1.1
10.06.2020,58.79,210.38,36.75,0.9
11.06.2020,49.33,146,34.65,0.91
12.06.2020,57.69,0,24.67,0.92
13.06.2020,50.68,0,29.43,0.87
14.06.2020,64.67,0,23.68,1.04
15.06.2020,45.85,0,26.54,0.9
16.06.2020,34.98,0,23.54,0.69
17.06.2020,29.08,0,14.56,0.82
18.06.2020,36.23,145.8,18.14,0.79
19.06.2020,51.73,233,17.22,0.97
20.06.2020,33.33,124.08,25.8,0.74
21.06.2020,39.02,104.96,21.96,0.81
22.06.2020,40.08,84.67,20.2,1.09
23.06.2020,25.84,61.38,13,0.83
24.06.2020,30.09,69.99,17.87,0.81
25.06.2020,38.65,97.51,29.12,1.29
26.06.2020,46.97,137.96,26.65,1.11
27.06.2020,35.08,187.75,26.82,1.48
28.06.2020,48.75,349,25.22,1.35
29.06.2020,33.52,174.6,26.09,1.34
30.06.2020,34.29,102.96,16.77,1.41
01.07.2020,43.06,120.43,20.74,1.48
02.07.2020,57.6,174.07,22.35,1.46
03.07.2020,59.58,168.38,23.77,1.34
04.07.2020,39.15,102.6,14.44,1.21
05.07.2020,22.45,50.49,15.14,1.32
06.07.2020,38.48,78.54,17.12,1.31
07.07.2020,13.39,38.96,13.23,1.14
08.07.2020,22.52,53.92,20.43,1.48
09.07.2020,31.03,76.53,26.12,1.38
10.07.2020,18.1,84.73,26.74,1.34
11.07.2020,17.7,66.74,22.98,1.07
12.07.2020,16.58,53.44,19.43,1.02
13.07.2020,20.54,117.98,26,1.17
14.07.2020,32.5,158.77,23.56,1.23
15.07.2020,33,100.19,14.99,1.18
16.07.2020,26.42,71.42,17.26,1.31
17.07.2020,41.08,89.79,19.34,1.11
18.07.2020,33.69,81.35,18.55,0.95
19.07.2020,24.59,58.4,27.7,0.64
20.07.2020,15.52,51.35,30.89,0.63
21.07.2020,19.87,45.62,28.53,0.57
22.07.2020,14.71,49.88,30.06,0.77
23.07.2020,31.65,79.62,37.57,0.95
24.07.2020,37.08,85.12,26.79,0.57
25.07.2020,24.29,57.94,17.32,0.37
26.07.2020,37.48,83.83,27.33,0.67
27.07.2020,25.39,84.57,30.38,0.55
28.07.2020,18.83,79.54,30.08,0.61
29.07.2020,21.25,76.31,32.61,0.54
30.07.2020,17.38,55.33,35.99,0.73
31.07.2020,36.25,83.9,31.36,0.7
01.08.2020,29.42,72.58,29.3,0.76
02.08.2020,19.56,62.75,26.39,0.7
03.08.2020,20.25,75.5,27.22,0.47
04.08.2020,18.08,62.02,25.36,0.68
05.08.2020,33.58,80,31.81,0.84
06.08.2020,9.27,59.31,15.5,0.51
07.08.2020,20.75,52.71,20.74,0.55
08.08.2020,40.38,90.25,33.24,0.71
09.08.2020,27.17,55.22,29.58,0.69
10.08.2020,26.25,57.46,22.07,0.73
11.08.2020,39.92,76.42,29.27,0.83
12.08.2020,18.35,58.88,22.04,0.57
13.08.2020,11.84,28.21,25.31,0.93
14.08.2020,17.38,46.18,21.92,0.66
15.08.2020,24.29,44.54,10.45,0.81
16.08.2020,14.77,37.06,13.96,0.86
17.08.2020,25.42,60.35,25.13,1.15
18.08.2020,25.36,75.02,29.1,1.04
19.08.2020,18.79,42.96,29.5,1.07
20.08.2020,14.7,33.61,27.01,1.06
21.08.2020,13.96,51.06,21.39,0.94
22.08.2020,6.29,34.16,12.56,1.06
23.08.2020,9.45,32.53,10.29,1.26
24.08.2020,8.11,35.79,16.84,0.83
25.08.2020,15.48,58.62,21.92,1.1
26.08.2020,14.24,55.88,24.12,1.09
27.08.2020,16.35,66.42,24.62,1.04
28.08.2020,30.54,83.58,31,1.29
29.08.2020,34.96,76.56,22.2,1.15
30.08.2020,13.81,39.98,11.03,0.68
31.08.2020,8.6,39.78,18.13,0.9
01.09.2020,12.57,54.71,19.8,1.07
02.09.2020,16.49,63.62,28.77,1.14
03.09.2020,32.91,88.16,20.7,0.81
04.09.2020,33.55,73.56,20.65,1.31
05.09.2020,27.42,73.12,24.43,0.79
06.09.2020,25.91,56.2,28.74,1.41
07.09.2020,46.29,99.65,38.4,1.31
08.09.2020,27.4,77.54,34.35,1.2
09.09.2020,50.38,117.48,37.43,1.33
10.09.2020,41.14,127.54,44.55,3.16
11.09.2020,52.52,150.99,41.63,1.75
12.09.2020,66.96,178.38,42.68,1.43
13.09.2020,64.69,157.54,32.04,1.05
14.09.2020,80.19,184.96,37.8,2.02
15.09.2020,60.17,147.46,38.55,1.78
16.09.2020,64.15,176.73,37.95,1.18
17.09.2020,39.71,122.33,29.99,0.86
18.09.2020,35.21,121.19,26.98,0.67
19.09.2020,52.27,136.6,27.7,1.18
20.09.2020,68.38,159.92,27.04,0.8
21.09.2020,56.35,146.79,40.24,1.51
22.09.2020,35.9,107.1,28.93,1.08
23.09.2020,20.27,75.04,21.28,0.44
24.09.2020,37.52,105.42,24.93,1.55
25.09.2020,47.4,162.12,41.12,1.44
26.09.2020,56.95,208.18,43.87,1.44
27.09.2020,30.44,125.31,28.52,0.56
28.09.2020,53.25,197.28,37.54,2.27
29.09.2020,56.67,204.05,42.98,1.2
30.09.2020,48.79,185.25,45,1.21
01.10.2020,50.65,193.46,50.04,1.88
02.10.2020,63.21,188.62,45,1.38
03.10.2020,69.6,189.33,52.52,1.74
04.10.2020,66.58,192.58,53.25,1.76
05.10.2020,59.79,205.56,51.19,1.54
06.10.2020,67.56,223.65,56.39,1.69
07.10.2020,87.02,235.65,61.12,2.06
08.10.2020,79.77,226.77,61.56,1.27
09.10.2020,82.71,228.15,62.27,2.13
10.10.2020,86.4,229.06,57.47,1.54
11.10.2020,88.35,226.98,51.4,1.91
12.10.2020,121.52,301.94,72.31,2.69
13.10.2020,132.96,312.56,54.82,2.28
14.10.2020,121.96,279.65,60.18,2.38
15.10.2020,145.38,299.35,59.57,2.19
16.10.2020,103.54,253.52,62.06,2.29
17.10.2020,126.94,317.38,77.3,2.62
18.10.2020,100.96,248.29,56.78,1.95
19.10.2020,104.56,266.42,61.64,1.75
20.10.2020,95.44,255.57,70.18,2.2
21.10.2020,117.23,329.82,69.02,2.71
22.10.2020,146.39,340.13,95.91,2.59
23.10.2020,205.79,399.03,95.75,2.92
24.10.2020,176.36,403.4,87.14,3.6
25.10.2020,196.77,401.23,89.11,3.34
26.10.2020,176.77,399.08,94.44,3.02
27.10.2020,164.35,339.22,73.4,2.17
28.10.2020,180.04,388.27,93.95,3.13
29.10.2020,223.44,460.17,108.19,3.69
30.10.2020,209.52,403.29,84.5,2.4
31.10.2020,265.6,452.62,71.46,2.21
01.11.2020,252.71,419.98,66.5,2.11
02.11.2020,151.38,348.67,80.28,2.78
03.11.2020,121.25,317.44,83.73,2.73
04.11.2020,308.12,535.5,95.95,3.05
05.11.2020,262.65,467.25,91.16,3.03
06.11.2020,251.88,466.75,93.04,3.01
07.11.2020,325,543.81,88.92,3.1
08.11.2020,357.69,580.62,101.18,3.55
09.11.2020,547.56,741.37,112.21,3.83
10.11.2020,502.89,439.16,90.33,4.06
11.11.2020,166.44,365.12,75.62,3.25
12.11.2020,183.27,420.5,92.85,4.35
13.11.2020,182.07,382.12,101.21,4.19
14.11.2020,395.8,602.8,90.89,3.73
15.11.2020,306.87,376.47,53.41,2.13
16.11.2020,85.5,160.44,37.91,1.75
17.11.2020,83.5,168.71,54.51,2.3
18.11.2020,112.65,206.6,66.67,2.21
19.11.2020,137.77,252.52,83.38,2.65
20.11.2020,165.15,288.44,75.72,2.5
21.11.2020,127.9,236.23,62.67,2.03
22.11.2020,145.54,273.15,63.98,2.49
23.11.2020,200.98,382.29,97.61,3.95
24.11.2020,275.33,497.46,100.94,3.42
25.11.2020,291.6,490.13,79.66,2.57
26.11.2020,110.31,205.33,53.81,1.93
27.11.2020,77.77,169.38,58.18,1.73
28.11.2020,119.17,236.52,64.99,2.15
29.11.2020,131.25,257.88,74.15,2.7
30.11.2020,175.69,332.23,86.27,3.5
01.12.2020,240.02,416.85,97.89,3.74
02.12.2020,209.3,357.09,83.31,1.65
03.12.2020,193.54,373.05,100.99,2.69
04.12.2020,275.57,498.05,92.2,1.75
05.12.2020,267.09,431.18,67.96,0.96
06.12.2020,241.71,394.54,76.57,0.96
07.12.2020,290.19,454.1,77.71,1.37
08.12.2020,250.42,412.71,92.53,2.29
09.12.2020,193.25,339.12,96.05,2.07
10.12.2020,130.69,275.61,76.3,2.54
11.12.2020,178.48,349.6,80.75,1.61
12.12.2020,265.08,401.46,54.29,1.63
13.12.2020,127.06,211.09,43.66,1.07
14.12.2020,90.33,147.1,38.25,0.8
15.12.2020,146.46,231,49.86,1.03
16.12.2020,133.6,213.06,49.51,1.26
17.12.2020,156.62,244.57,44.84,1.31
18.12.2020,131.72,231.35,60.64,1.65
19.12.2020,169.33,284.61,69.51,1.84
20.12.2020,171.64,290.89,69.92,1.92
21.12.2020,188.12,321.77,83.25,1.86
22.12.2020,337.5,520.1,96.38,3.48
23.12.2020,362.91,538.54,108.5,3.3
24.12.2020,333.54,495.33,94.56,2.75
25.12.2020,215.73,329.9,75.07,1.89
26.12.2020,243.96,363.1,76.07,2.04
27.12.2020,330.12,512.75,67.71,2
28.12.2020,80.87,266.66,53.84,1.02
29.12.2020,134.23,303.56,58.98,1.16
30.12.2020,182.77,278.14,56.31,1.36
31.12.2020,256.04,360.83,64.18,1.7
01.01.2021,455.71,608.81,73.61,2.69
02.01.2021,326.5,442.98,60.07,1.55
03.01.2021,259.39,346.94,48.54,1.09
04.01.2021,105.94,165.3,66.64,0.99
05.01.2021,84.89,124.74,45.34,1.3
06.01.2021,140.67,206.29,39.95,1.34
07.01.2021,121.76,209.03,37.11,1.11
08.01.2021,235.51,293.53,57.54,1.62
09.01.2021,160.77,262.1,50.21,1.7
10.01.2021,138.38,207.33,38.6,1.32
11.01.2021,133.33,203.82,44.11,1.18
12.01.2021,208.23,304.65,57.9,1.57
13.01.2021,288.16,426.42,68.22,2.24
14.01.2021,481.65,671.71,78.85,3.17
15.01.2021,517.69,703.87,77.16,3.85
16.01.2021,323.98,448.75,71.91,2.99
17.01.2021,256.9,335.12,39.96,1.89
18.01.2021,274.06,388.65,48.53,2.78
19.01.2021,293.31,415.81,57.07,2.69
20.01.2021,139.69,210.33,47.61,3.43
21.01.2021,185.5,296.96,57.98,2.61
22.01.2021,274.85,395.35,42.63,2.12
23.01.2021,177.79,261.52,38.49,2.1
24.01.2021,253.38,396.38,44.08,3.06
25.01.2021,202.35,327.31,46.03,2.08
26.01.2021,187.62,312.1,47.5,2.22
27.01.2021,182.54,333.54,61.74,2.16
28.01.2021,347.92,537.21,73.7,2.95
29.01.2021,233.96,378.73,68.58,1.79
30.01.2021,156.73,276.06,66.71,1.62
31.01.2021,187.38,325.75,62.39,1.9
01.02.2021,240.81,414.65,80.91,2.59
02.02.2021,208.1,369.46,72.63,2.16
03.02.2021,191.29,319.95,51.49,1.57
04.02.2021,145.86,243.48,45.42,1.35
05.02.2021,72.16,143.48,55.81,1.37
06.02.2021,108.96,193.03,52.13,1.24
07.02.2021,142.2,238.58,56.52,1.49
08.02.2021,185.97,364.77,62.43,2.05
09.02.2021,214.15,361.81,75.16,2.41
10.02.2021,171.34,338.37,72.2,2
11.02.2021,191.88,337.22,75.93,1.91
12.02.2021,256.36,432.54,73.17,2.47
13.02.2021,245.26,415.33,72.26,2.5
14.02.2021,238.07,400.74,64.41,2.81
15.02.2021,191.53,355.72,69.65,2.7
16.02.2021,185.66,353.19,67.18,1.97
17.02.2021,160.28,317.96,77.4,2.6
18.02.2021,159.93,305.68,70.55,2.12
19.02.2021,155.92,301.21,68.29,2.18
20.02.2021,122.38,248.15,61.52,2.05
21.02.2021,161.03,294.36,62.46,1.86
22.02.2021,126.98,265.03,65.23,1.73
23.02.2021,101.41,267.15,71.38,2.2
24.02.2021,103.91,278.82,73.82,2.18
25.02.2021,118.36,296.08,68.42,2.12
26.02.2021,82.09,236.94,52.47,1.64
27.02.2021,49.02,217.84,52.47,1.43
28.02.2021,54.49,200.23,53.39,1.24
01.03.2021,50.73,179.3,54.9,1.23
02.03.2021,52.44,189.98,49.24,1.14
03.03.2021,78.32,214.29,63.75,1.87
04.03.2021,128.93,353.64,80.84,2.62
05.03.2021,102.96,265.77,61.13,1.63
06.03.2021,91.95,235.28,61.44,1.93
07.03.2021,110.53,274.55,49.01,1.46
08.03.2021,98.18,244.19,36.94,1.37
09.03.2021,82.12,244.68,35.01,1.19
10.03.2021,64.97,184.65,59.42,1.53
11.03.2021,114.18,282.71,64.24,1.77
12.03.2021,75.23,212.51,50.11,1.17
13.03.2021,77.64,209.07,60.07,1.48
14.03.2021,81.57,190.98,57.38,1.27
15.03.2021,77.9,246.53,59.34,1.3
16.03.2021,90.19,335.18,56.88,1.4
17.03.2021,92.71,355.34,58.89,1.48
18.03.2021,100.88,375.06,71.21,1.96
19.03.2021,90.59,286.11,61.23,1.46
20.03.2021,92.74,253.18,61.9,1.52
21.03.2021,75.05,243.24,52.49,1.46
22.03.2021,63.26,238.14,47.76,1.2
23.03.2021,41.14,277.89,38.81,1.16
24.03.2021,40.24,152.61,44.77,0.9
25.03.2021,39.43,146.4,46.29,1.05
26.03.2021,67.76,174.77,55.24,1.43
27.03.2021,68.92,205.51,61.84,2.58
28.03.2021,76.5,225.5,54.9,2.48
29.03.2021,58.23,196.95,43.32,2.14
30.03.2021,65.24,341.38,41.88,1.16
31.03.2021,39.27,212.11,37.14,0.45
01.04.2021,32.92,205.08,37.6,1.05
02.04.2021,46.4,171.17,48.33,1.58
03.04.2021,41.45,143.1,58.22,1.82
04.04.2021,49.29,172.46,63.79,1.85
05.04.2021,90.66,279.69,73.02,2.18
06.04.2021,105.94,314.12,53.98,1.72
07.04.2021,64.46,262.53,48.23,1.6
08.04.2021,41.34,160.92,56.48,1.8
09.04.2021,44.24,167.76,65.23,1.72
10.04.2021,41.19,169.64,70.18,0.86
11.04.2021,55.78,189.04,70.64,0.99
12.04.2021,88.31,258.84,79.62,1.17
13.04.2021,76.05,241.98,68.56,0.87
14.04.2021,51.35,206.15,62.53,0.55
15.04.2021,57.08,250.02,65.91,0.79
16.04.2021,67.8,273.8,58.39,0.63
17.04.2021,33.66,101.92,44.64,0.47
18.04.2021,48.96,157.47,49.37,0.52
19.04.2021,56.41,212.99,68.34,0.93
20.04.2021,59.98,199.76,44.54,0.52
21.04.2021,42.48,110.52,35.21,0.5
22.04.2021,37.6,119.72,29.42,0.42
23.04.2021,40.26,136.48,29.69,0.47
24.04.2021,31.86,92.64,41.69,0.48
25.04.2021,85.11,186.54,50.43,0.79
26.04.2021,141.45,272.34,61.46,1.13
27.04.2021,153.85,329.41,71.84,1.39
28.04.2021,162.16,351.18,69.35,1.09
29.04.2021,143.38,348.58,53.54,0.83
30.04.2021,92.18,315.51,53.52,0.83
01.05.2021,63.76,216.15,34.12,0.53
02.05.2021,65.47,178.16,46.99,0.46
03.05.2021,47.29,222.14,41.98,0.9
04.05.2021,59,194.19,41.49,2.74
05.05.2021,61.84,190.31,25.22,2.4
06.05.2021,47.71,156.6,22.31,1.98
07.05.2021,58.32,131.9,30.1,2.25
08.05.2021,62.26,150.62,44.92,3.34
09.05.2021,50.56,126.77,30.33,2.31
10.05.2021,54.93,146.01,34.86,3.2
11.05.2021,57.66,142,25.63,2
12.05.2021,34.29,134.41,26.76,1.96
13.05.2021,30.83,79.31,19.32,1.42
14.05.2021,40.86,102.65,19.19,1.22
15.05.2021,39.34,204.65,27.31,1.22
16.05.2021,54.29,166.55,40.23,0
17.05.2021,62.64,185.11,46.51,0.87
18.05.2021,22.31,70.61,19.15,0.67
19.05.2021,32.8,52.64,14.99,0.7
20.05.2021,37.38,57.13,18.82,0.77
21.05.2021,24.1,49.66,17.66,0.71
22.05.2021,25.27,59.93,21.26,0.78
23.05.2021,94.66,413.17,23.14,0.73
24.05.2021,52.51,146.55,29.27,0.77
25.05.2021,39.45,124.95,39.3,0.74
26.05.2021,48.25,133.84,48.43,1.08
27.05.2021,50.53,169.03,35.35,0.8
28.05.2021,28.97,101.55,16.14,0.71
29.05.2021,15.84,103.06,12.61,0.67
30.05.2021,19.69,122.92,14.85,0.71
31.05.2021,39.35,168.02,33.06,0.98
01.06.2021,26.99,81.78,22.2,0.83
02.06.2021,51.2,133.12,29.79,0.85
03.06.2021,54.21,159.78,25.46,0.88
04.06.2021,47.07,146.1,18.27,0.76
05.06.2021,38.73,131.78,24.29,0.78
06.06.2021,34.21,172.19,29.63,0.91
07.06.2021,48.96,178.71,37.07,1.12
08.06.2021,53.46,293.7,30.81,1.26
09.06.2021,38.16,280.95,23.94,1.06
10.06.2021,49.29,209.73,14.98,0.96
11.06.2021,37.33,190.25,23.18,0.87
12.06.2021,32.4,98.28,19.73,0.77
13.06.2021,34.68,92.74,25.77,0.88
14.06.2021,33.08,99.04,22.7,0.81
15.06.2021,26.77,123.05,23.22,0.59
16.06.2021,30.49,89.65,24.78,0.78
17.06.2021,33.36,90.4,23.4,0.46
18.06.2021,24.29,59.48,18.18,0.56
19.06.2021,22.33,54.78,16.67,0.5
20.06.2021,22.19,43.74,13.03,0.46
21.06.2021,31.99,75.38,21.3,0.65
22.06.2021,47.75,159.34,40.26,0.94
23.06.2021,76.97,294.36,43.39,0.81
24.06.2021,41.74,143.8,52.46,0.85
25.06.2021,41.39,193.45,47.77,1.24
26.06.2021,35.95,143.81,60.91,1.16
27.06.2021,63,184.1,40.08,0.71
28.06.2021,60.94,173.99,49.27,1.03
29.06.2021,68.61,232.27,73.91,1.04
30.06.2021,37.16,296.71,55.09,0.71
01.07.2021,29.27,241.33,39.99,0.74
02.07.2021,36.48,234.01,45.32,0.76
03.07.2021,27.62,132.36,46.08,0.63
04.07.2021,40.01,169.28,47.98,1.54
05.07.2021,32.81,156.33,47.91,0.9
06.07.2021,33.71,179.62,51.05,0.99
07.07.2021,27.75,196.22,55.28,0.46
08.07.2021,31.67,221.68,42.91,0.8
09.07.2021,37.04,115.68,28.24,0.92
10.07.2021,24.65,78.24,18.13,0.64
11.07.2021,36.82,97.64,12.9,0.72
12.07.2021,26.62,74.59,15.51,0.96
13.07.2021,27.04,59.6,23.42,1.29
14.07.2021,27.69,64.34,25.31,1.24
15.07.2021,33.73,77.16,19.79,1.06
16.07.2021,32.87,84.8,18.33,0.87
17.07.2021,43.06,115.73,19.94,0.83
18.07.2021,27.15,84.96,22.14,0.86
19.07.2021,13.73,26.65,26.24,0.97
20.07.2021,34.98,70.07,26.21,0.97
21.07.2021,39.2,90.75,27.99,1.1
22.07.2021,22.47,54.76,15.42,0.72
23.07.2021,27.86,67.54,18.15,1.13
24.07.2021,36.69,103.31,30,1.05
25.07.2021,32.19,104.85,20.54,0.68
26.07.2021,39.79,88.96,18.16,0.81
27.07.2021,33.03,78.78,23.49,0.97
28.07.2021,16.46,49.27,22.21,0.79
29.07.2021,22.02,63.62,26.29,0.92
30.07.2021,27.96,56.05,25.92,1.07
31.07.2021,17.15,59.19,17.65,0.79
01.08.2021,33.75,92.46,29.21,1.13
02.08.2021,43.06,91.32,28.03,1.07
03.08.2021,19.67,61.37,19.47,0.67
04.08.2021,16.45,58.55,19.31,0.72
05.08.2021,32.45,87.31,25.48,0.81
06.08.2021,39.77,108.6,28.64,0.97
07.08.2021,41.18,128.55,34.82,1.1
08.08.2021,45.36,103.02,32.55,1.05
09.08.2021,42.39,95.2,27.58,1.01
10.08.2021,35.77,160.38,31.92,1.1
11.08.2021,24.4,159.94,29.14,0.77
12.08.2021,28.3,183.69,33.53,0.64
13.08.2021,22.93,136.99,24.88,1.09
14.08.2021,26.07,203.98,32.39,0.71
15.08.2021,25.78,147.4,25,1.68
16.08.2021,31.98,175.06,56.69,0.73
17.08.2021,42.78,205.15,55.76,0.76
18.08.2021,55.52,205.66,65.42,1.74
19.08.2021,84.17,247.5,68.2,1.17
20.08.2021,35.57,83.58,41.69,0.84
21.08.2021,16.53,35.14,40.83,0.93
22.08.2021,30.38,62.57,32.26,0.99
23.08.2021,32.29,86.27,53.06,1.25
24.08.2021,49.82,123.9,68.68,1.27
25.08.2021,35.15,182.45,49.21,0.96
26.08.2021,27.34,161.62,47.72,1.08
27.08.2021,35.84,196.25,50.48,0.94
28.08.2021,48.79,162.06,50.08,0.91
29.08.2021,50.75,144.21,33.93,0.91
30.08.2021,20.15,56.69,20.51,0.74
31.08.2021,18.99,41.09,33.75,0.91
01.09.2021,20.79,33.53,42.03,0.99
02.09.2021,27.27,61.18,41.53,0.93
03.09.2021,24.85,87.42,47.56,0.76
04.09.2021,26.45,76.14,48.35,1.15
05.09.2021,44.35,111.6,53.34,1.57
06.09.2021,51.28,128.64,51.69,1.35
07.09.2021,42.49,101.68,37.7,1.05
08.09.2021,21.42,66.84,28.31,0.82
09.09.2021,28.41,89.93,26.48,0.83
10.09.2021,29.16,74.88,28.33,0.85
11.09.2021,16.23,30.2,32.4,0.69
12.09.2021,26.26,53.23,28.42,1.19
13.09.2021,48.6,92.33,37.54,0.95
14.09.2021,21.55,69.81,29.19,1.11
15.09.2021,12.77,63.35,26.91,1.57
16.09.2021,18.45,54.03,33.28,1.61
17.09.2021,16.62,57.59,26.14,2.95
18.09.2021,26,70.79,25.44,1.13
19.09.2021,29.6,97.57,28.75,0.86
20.09.2021,28.97,106.53,35.41,1.04
21.09.2021,27.09,93.55,35.25,0.94
22.09.2021,23.71,70.05,29.08,0.92
23.09.2021,22.45,68.4,27.65,0.92
24.09.2021,20.61,61.15,41.54,2.48
25.09.2021,46.27,101.45,35.67,0
26.09.2021,30.74,70.19,25.43,0.9
27.09.2021,53.12,134.06,44.56,2.73
28.09.2021,44.16,144.4,36.5,2.65
29.09.2021,27.49,101.66,29.93,0.98
30.09.2021,34.88,102.77,36.08,1.29
01.10.2021,56.78,174.75,51.29,3.06
02.10.2021,53.67,129.67,49.28,2.04
03.10.2021,28.98,97.88,37.13,0.77
04.10.2021,24.88,103.32,42.79,2.65
05.10.2021,34.57,121.03,42.51,0.86
06.10.2021,48.75,126.07,50.07,4.46
07.10.2021,61.02,165.93,57.29,0.51
08.10.2021,69.52,224.38,65,0.72
09.10.2021,62.15,214.41,67.69,1.23
10.10.2021,55.35,198.29,59.68,1.6
11.10.2021,60.08,208.51,61.08,1.46
12.10.2021,72.12,232.42,61.36,0.98
13.10.2021,68.28,230.06,75.8,0.91
14.10.2021,70.1,217.34,75.09,1.09
15.10.2021,94.36,240.19,80.92,1.68
16.10.2021,176.91,343.85,97.49,1.61
17.10.2021,90.54,159.19,48.69,0.71
18.10.2021,12.55,35.42,31.75,0.73
19.10.2021,55.79,123.03,50.38,0.97
20.10.2021,98.91,222.09,70.78,1.46
21.10.2021,60.97,245.19,71.2,1.23
22.10.2021,47.84,190.92,64.89,1.22
23.10.2021,68.29,215.99,61.19,1.13
24.10.2021,75.25,184.77,42.61,0.65
25.10.2021,27.16,99.05,58.93,1.07
26.10.2021,62.94,183.94,66.06,1.59
27.10.2021,106.56,258.41,82.32,1.3
28.10.2021,127.59,265.91,82.88,1.4
29.10.2021,129.09,267.68,93.42,1.71
30.10.2021,114.1,242.02,84.79,1.2
31.10.2021,137.3,307.7,79.74,1.84
01.11.2021,146.01,354.58,87.89,1.48
02.11.2021,139.85,311.6,82.03,1.22
03.11.2021,179.31,381.46,88.39,2.67
04.11.2021,308.07,465.67,91.26,1.94
05.11.2021,393.71,512.49,82.74,1.92
06.11.2021,348.55,486.4,89.11,1.53
07.11.2021,259.77,389.89,91.6,1.49
08.11.2021,260.07,418.81,108.47,1.66
09.11.2021,262.82,411.25,137.07,1.71
10.11.2021,221.68,372.88,219.36,1.82
11.11.2021,297.31,504.55,209.44,1.71
12.11.2021,448.06,640.14,149.07,3.73
13.11.2021,267.19,422.02,106.2,1.86
14.11.2021,186.78,364.74,101.99,2.21
15.11.2021,197.61,334.77,115.51,1.76
16.11.2021,252.44,401.23,100.1,2
17.11.2021,229.49,386.77,94.62,2.55
18.11.2021,226.49,396.74,120.35,3.3
19.11.2021,234.4,368.24,113.7,2.35
20.11.2021,224.92,377.08,120.97,2.77
21.11.2021,200.77,321.33,94.94,1.57
22.11.2021,137.46,273.29,82.16,1.17
23.11.2021,150.82,307.76,88.99,2.11
24.11.2021,250.29,416.37,112.76,2.72
25.11.2021,295.75,497.79,103.29,2.06
26.11.2021,313.11,508.14,122.6,2.25
27.11.2021,292.56,471.14,94.1,2.62
28.11.2021,290.7,460.96,87.59,3.25
29.11.2021,239.35,386.45,106.67,1.84
30.11.2021,192.4,351.79,99.94,1.52
01.12.2021,235.03,431.31,137.51,2.25
02.12.2021,279.72,430.54,89.13,1.51
03.12.2021,212.46,349.6,88.39,2.22
04.12.2021,171.14,299.54,85.72,2.05
05.12.2021,192.6,342.21,81.21,2.34
06.12.2021,164.14,278.67,85.55,1.25
07.12.2021,118.47,220.07,69.71,1.02
08.12.2021,113.29,211.28,77.21,1.13
09.12.2021,148.09,258.24,91.5,1.36
10.12.2021,156.51,273.06,91.07,1.32
11.12.2021,117.77,229.9,80.13,1.44
12.12.2021,172.09,294.77,87.07,1.9
13.12.2021,220.46,375.97,84.66,2.6
14.12.2021,265.47,423.7,84.59,2.75
15.12.2021,210.36,333.82,91.34,1.77
16.12.2021,234,371.84,94.32,1.42
17.12.2021,144.89,247.84,68.71,0.82
18.12.2021,160.76,254.25,63.87,1.05
19.12.2021,150.17,246.22,75.7,1.21
20.12.2021,226.22,361.91,93.2,1.7
21.12.2021,323.23,484.97,112,2.91
22.12.2021,348.52,523.92,126.69,2.69
23.12.2021,392.44,609.43,112.71,2.55
24.12.2021,326.06,494.65,85.24,2.27
25.12.2021,431.72,572.24,102.4,3.92
26.12.2021,417.6,570.01,82.19,2.56
27.12.2021,141.17,244.32,61.25,1.65
28.12.2021,165.4,265.88,74.91,1.57
29.12.2021,145.56,267.54,67.54,1.57
30.12.2021,163.4,289.68,74.06,1.98
31.12.2021,197.84,323.82,82.25,1.4
01.01.2022,247.92,357.75,81.62,1.45
02.01.2022,271.27,384.76,80.16,1.51
03.01.2022,240.7,365.78,85.39,1.62
04.01.2022,218.44,352.78,89.27,2.19
05.01.2022,317.74,446.68,75.62,1.62
06.01.2022,124.04,184.59,39.37,0.9
07.01.2022,70,130.57,33.13,0.75
08.01.2022,44.36,61.76,24.36,0.65
09.01.2022,45.15,62.75,25.87,0.7
10.01.2022,97.47,148.9,43.95,1
11.01.2022,104.99,163.44,46.76,0.85
12.01.2022,123.01,187.99,49.98,1.14
13.01.2022,299.78,448.53,73.25,1.95
14.01.2022,239.19,356.49,56.12,1.12
15.01.2022,166.42,241.28,40.68,0.81
16.01.2022,179.75,263.8,41.81,0.87
17.01.2022,188.1,290.96,41.72,1.02
18.01.2022,218.55,324.72,47.26,1.1
19.01.2022,220.32,351.85,51.37,1.18
20.01.2022,250.66,405.35,39.73,1.29
21.01.2022,223.2,360.88,46.87,1.51
22.01.2022,135.02,182.93,32.37,0.86
23.01.2022,129.81,178.81,32.29,1.28
24.01.2022,123.39,204.89,51.24,1.57
25.01.2022,138.49,249.2,44.84,1.13
26.01.2022,122.49,206.67,45.15,1
27.01.2022,115.46,197.31,63.7,1.06
28.01.2022,100.42,191.86,76,1.07
29.01.2022,121.17,229.57,81.36,1.4
30.01.2022,144.19,237.83,71.17,1.03
31.01.2022,236.97,377.67,67.25,1.41
01.02.2022,214.52,340.65,85.01,1.31
02.02.2022,178.29,275.2,62.8,0.65
03.02.2022,162.35,233,47.85,1.01
04.02.2022,65.08,116.11,60.04,1.11
05.02.2022,139.79,242.09,92.61,1.77
06.02.2022,149.72,258.2,85.11,1.39
07.02.2022,113.62,227.09,94.39,1.05
08.02.2022,133.31,298.92,84.12,1.21
09.02.2022,89.36,184.49,55.9,0.89
10.02.2022,74.59,195.43,61.84,0.84
11.02.2022,81.14,200.55,68.62,0.92
12.02.2022,81.16,200.9,73.78,1.41
13.02.2022,130.17,284.09,67.05,1.27
14.02.2022,112.59,267.2,69.65,1.47
15.02.2022,102.79,262.39,86.68,1.65
16.02.2022,127.89,287.43,106.38,1.56
17.02.2022,104.06,250.01,97.55,1.68
18.02.2022,108.81,242.96,93.73,1.21
19.02.2022,74.73,202.53,82.86,0.94
20.02.2022,73.31,189.96,71.01,0.94
21.02.2022,65.94,227.71,76.45,1.54
22.02.2022,83.06,293.97,54.71,0.65
23.02.2022,112.1,241.38,49.67,1.43
24.02.2022,151.26,339.4,86.14,1.4
25.02.2022,87.64,301.49,71.28,0.91
26.02.2022,21.76,72.8,39.15,0.64
27.02.2022,36.51,91.72,54.26,0.75
28.02.2022,36.95,117.35,74.28,0.9
01.03.2022,74.41,173.22,85.8,1.05
02.03.2022,97.09,252.5,95.55,1.71
03.03.2022,73.98,212.29,79.94,1.24
04.03.2022,74.5,183.16,56.07,0.76
05.03.2022,47.78,129.81,61.37,0.85
06.03.2022,77.59,192.81,72.89,1.07
07.03.2022,112.67,326.19,79.57,1.87
08.03.2022,104.55,268.65,92.42,1.17
09.03.2022,50.28,178.56,73.3,0.94
10.03.2022,52.17,176.41,70.28,0.9
11.03.2022,67.46,217.41,74.34,0.85
12.03.2022,60.73,191.21,75.87,0.95
13.03.2022,70.84,204.62,81.12,0.92
14.03.2022,102.82,277.54,80.09,1.14
15.03.2022,93.29,270.98,79.62,1.31
16.03.2022,81.9,257.1,66.84,0.91
17.03.2022,104.92,260.67,58.03,0.8
18.03.2022,129.03,254.68,42.16,0.87
19.03.2022,102.19,235.07,51.64,0.92
20.03.2022,100.78,265.11,63.91,0.89
21.03.2022,112.25,299.65,85.84,1.17
22.03.2022,66.81,211.17,62.75,0.65
23.03.2022,83.02,290.26,83.28,1.55
24.03.2022,107.2,350.23,84.93,1.1
25.03.2022,73.62,244.22,76.53,0.77
26.03.2022,62.85,251.88,71.82,0.61
27.03.2022,68,240.6,79.04,1.19
28.03.2022,80.12,311.76,91.88,1.73
29.03.2022,76.78,298.71,95.31,1.77
30.03.2022,97.53,392.49,102.87,1.88
31.03.2022,167.77,404.84,98.28,1.3
01.04.2022,60.66,234.38,89.36,1.34
02.04.2022,97.09,329.96,93.58,1.14
03.04.2022,100.05,297.19,84.69,1.59
04.04.2022,79.97,298.19,96.53,1.2
05.04.2022,84.88,276.04,102.48,1.42
06.04.2022,92,300.73,102.97,1.56
07.04.2022,97.08,312.98,103.61,1.36
08.04.2022,80.44,287.17,107.42,1.7
09.04.2022,78.92,303.79,98.57,1.39
10.04.2022,74.36,283.04,91.67,0.96
11.04.2022,76.07,282.03,106.24,1.44
12.04.2022,80.28,318.38,92.8,1.24
13.04.2022,122.18,418.45,84.35,1.3
14.04.2022,59.76,352.92,55,0.63
15.04.2022,64.64,262.24,53.84,1.26
16.04.2022,92.04,336.35,75.39,4.39
17.04.2022,105.17,335.46,86.45,1.76
18.04.2022,113.74,370.94,85.92,1.97
19.04.2022,115.79,400.36,78.28,1.57
20.04.2022,87.55,308.93,70.85,0.99
21.04.2022,90.59,408.89,60.7,0.79
22.04.2022,50.46,215.54,71.95,1.19
23.04.2022,83.71,271.88,98.5,1.51
24.04.2022,98.75,296.95,88.05,1
25.04.2022,87.2,276.91,76.46,0.87
26.04.2022,71.66,252.52,93.43,1.54
27.04.2022,99.62,292.78,110.52,1.82
28.04.2022,137.77,322.1,112.82,1.42
29.04.2022,102.77,301.61,86.8,1.32
30.04.2022,83.94,253.28,85.1,1.51
01.05.2022,82.97,317.82,39.46,1.08
02.05.2022,62.51,270.38,27.31,1.59
03.05.2022,83.99,354.29,31.05,0.95
04.05.2022,62.99,226.08,40.91,1.16
05.05.2022,67.28,156.36,61.79,0.94
06.05.2022,109.6,225.85,65.82,1.01
07.05.2022,77.4,266.99,62.65,2.31
08.05.2022,72.55,222.95,41.38,3.49
09.05.2022,60.28,175.51,28.61,0.65
10.05.2022,56.73,178.25,31.69,0.75
11.05.2022,54.74,173.64,32.78,0.79
12.05.2022,63.8,201.78,42.94,0.98
13.05.2022,66.89,231.14,52.58,1.42
14.05.2022,99.69,315.32,94.43,2.22
15.05.2022,69.33,278.51,94.5,1.71
16.05.2022,69.55,416.75,66.23,0.91
17.05.2022,55.39,244.86,44.24,0.76
18.05.2022,59.27,259.14,49.14,0.93
19.05.2022,82.49,302.32,63.99,1.22
20.05.2022,72.65,365.01,70.55,0.99
21.05.2022,52.11,328.53,50.28,0.73
22.05.2022,48.93,196.86,37.89,0.63
23.05.2022,21.57,91.49,23.64,0.61
24.05.2022,29.56,79.01,36.87,0.95
25.05.2022,78.62,191.66,66.86,1.46
26.05.2022,87.57,232.57,66.34,1.52
27.05.2022,92,284.69,63.59,0.88
28.05.2022,72.35,418.4,62.68,1.21
29.05.2022,56.61,278.32,41.82,0.53
30.05.2022,56.32,208.61,51.84,1.02
31.05.2022,90.61,343.01,78.09,1.6
01.06.2022,77.4,321.38,86.3,1
02.06.2022,56.3,246.73,88.45,1.13
03.06.2022,73.66,273.43,91.95,1.54
04.06.2022,61.46,235.12,96.15,1.25
05.06.2022,39.9,229.92,65.83,0.78
06.06.2022,46.72,234.67,71.72,1.11
07.06.2022,72.58,388.56,67.38,1.01
08.06.2022,56.29,349.82,59.05,0.93
09.06.2022,43.76,259.7,58.3,0.83
10.06.2022,57.81,342.92,60.42,1.12
11.06.2022,48.09,268,45.15,0.6
12.06.2022,54.11,269.79,55.02,1.19
13.06.2022,38.56,224.51,51.52,0.79
14.06.2022,37.56,230.45,42.39,0.17
15.06.2022,23.63,135.69,34.29,0.11
16.06.2022,23.78,138.23,37.09,0.5
17.06.2022,22.66,87.81,37.83,0.71
18.06.2022,31.29,79.83,32.57,0.5
19.06.2022,32.61,91.98,41.15,0.71
20.06.2022,36.58,127.96,52,0.72
21.06.2022,43.04,143.69,51.16,0.76
22.06.2022,45.77,156.4,43.37,0.77
23.06.2022,42.77,172.69,55.97,0.66
24.06.2022,56.34,212.65,68.81,1.07
25.06.2022,72,256.65,57.54,1.21
26.06.2022,52.12,157.5,32.43,0.72
27.06.2022,45.74,124.98,24.71,0.67
28.06.2022,69.65,175.9,31.35,0.72
29.06.2022,51.81,178.93,34.28,0.59
30.06.2022,29.26,69.54,36.41,0.76
01.07.2022,26.02,62.57,32.14,0.62
02.07.2022,33.92,88.6,30.06,0.67
03.07.2022,26.38,66.99,33,0.9
04.07.2022,52.92,128.04,48.07,0.82
05.07.2022,55.53,121.55,34.94,0.72
06.07.2022,44.28,99.13,24.34,0.59
07.07.2022,32.2,95.12,22.92,0.58
08.07.2022,27.24,96.39,32.18,0.74
09.07.2022,33.67,111.46,25.37,0.66
10.07.2022,29.85,83.22,26.15,0.76
11.07.2022,39.01,100.59,51.95,1.04
12.07.2022,34.95,91.15,53.04,1.06
13.07.2022,29.85,86,43.43,0.89
14.07.2022,22.75,80.41,48.18,0.73
15.07.2022,18.91,77.46,29.29,0.4
16.07.2022,17.3,57.52,39.22,0.73
17.07.2022,21.51,54.42,29.93,0.71
18.07.2022,34.29,94.62,37.64,0.97
19.07.2022,37.33,113.91,57.73,1.01
20.07.2022,32.76,101,44.18,0.65
21.07.2022,45.24,112.39,50.41,0.94
22.07.2022,53.74,115.88,42.49,0.99
23.07.2022,23.55,59.21,20.75,0.57
24.07.2022,19.22,63.46,25.01,0.61
25.07.2022,19.07,58.7,20.25,0.56
26.07.2022,23.52,66.76,24.78,0.68
27.07.2022,24.82,73.48,22.93,0.71
28.07.2022,14.22,55.83,37.06,0.91
29.07.2022,13.33,51.29,30.27,0.72
30.07.2022,15.94,58.53,31.87,0.83
31.07.2022,22.21,60.6,32.89,0.83
01.08.2022,31.82,92.6,38.17,1.02
02.08.2022,27.41,85.39,41.2,0.9
03.08.2022,49.26,144.97,54.78,1.25
04.08.2022,38.14,99.98,32.4,0.53
05.08.2022,32.78,73.7,34.93,0.9
06.08.2022,48.54,111.07,35.97,0.86
07.08.2022,35.18,86.56,32.48,0.8
08.08.2022,35.25,96.86,37.21,1.04
09.08.2022,30.95,99.68,30.91,0.85
10.08.2022,17.77,80.15,25.74,0.67
11.08.2022,10.44,58.18,22.81,0.71
12.08.2022,13.8,66.38,19.13,0.58
13.08.2022,23.6,71.09,23.19,0.73
14.08.2022,24.95,60.32,32.53,0.79
15.08.2022,11.8,42.18,19.91,0.5
16.08.2022,9.19,55.7,14.75,0.65
17.08.2022,8.19,51.88,25.32,0.69
18.08.2022,16.27,78.4,33.09,0.81
19.08.2022,12.3,62.11,34.52,0.61
20.08.2022,25.83,96.83,49.69,0.82
21.08.2022,43.28,121.7,51.08,0.98
22.08.2022,25.53,97.18,31.13,0.59
23.08.2022,18,84.11,18.97,0.5
24.08.2022,17.68,64.89,30.24,0.7
25.08.2022,29.93,107.3,40.63,0.92
26.08.2022,25.44,105.07,42.85,0.73
27.08.2022,23.58,100.81,36.75,0.59
28.08.2022,27.31,130.57,34.04,0.61
29.08.2022,33.39,129.79,36.52,0.66
30.08.2022,48.04,124.84,56.11,1.09
31.08.2022,35.92,123.28,49.25,0.77
01.09.2022,36.27,110.78,53.68,0.88
02.09.2022,40.52,138.69,59.82,1.14
03.09.2022,23.4,92.14,42.05,0.75
04.09.2022,16.72,67.9,34.43,0.54
05.09.2022,18.54,78.18,42.4,0.73
06.09.2022,33.04,142.15,47.53,0.79
07.09.2022,42.79,118.44,56.25,0.84
08.09.2022,55.65,139.33,42.6,0.86
09.09.2022,51.77,117.84,31.71,0.65
10.09.2022,49.33,106.59,31.12,0.71
11.09.2022,26.52,70.72,23.19,0.61
12.09.2022,19.15,73.1,27.32,0.63
13.09.2022,13.37,63.86,28.44,0.52
14.09.2022,11.14,49.88,29.28,0.55
15.09.2022,16.52,36.93,24.59,0.57
16.09.2022,14.91,26.42,29.98,0.77
17.09.2022,31.65,91.55,34.72,0.67
18.09.2022,44.24,125.49,41.79,1.08
19.09.2022,72.91,178.52,57.3,1.35
20.09.2022,47.4,128.76,48.68,1.04
21.09.2022,40.89,101.93,46.47,1.07
22.09.2022,23.92,42.25,37.83,0.53
23.09.2022,24.16,38.06,37.38,0.8
24.09.2022,19.93,30.62,24.06,0.46
25.09.2022,22.57,55.35,36.78,0.98
26.09.2022,46.09,113.75,53.23,1.46
27.09.2022,35.15,110.05,50.42,1.01
28.09.2022,51.91,159.19,58.85,1.32
29.09.2022,60.34,156.16,63.35,1.26
30.09.2022,75.32,174.64,67.39,1.38
01.10.2022,78.95,185.26,72.42,1.62
02.10.2022,61.27,172.17,61.59,1.25
03.10.2022,34.4,126.27,57.46,0.9
04.10.2022,56.93,153.06,73.43,1.23
05.10.2022,91.35,190.1,64.8,1.09
06.10.2022,10.76,50.47,20.75,0.29
07.10.2022,9.18,38.79,25.11,0.57
08.10.2022,6.94,16.38,21.38,0.29
09.10.2022,6.18,9.73,26.52,0.33
10.10.2022,8.08,16.77,33.86,0.33
11.10.2022,35.8,89.23,45.35,1.25
12.10.2022,65.59,161.31,62.09,1.3
13.10.2022,49.41,154.92,66.23,1.43
14.10.2022,65.21,179.68,77.09,1.75
15.10.2022,83.81,222.68,82.73,2.19
16.10.2022,94.41,237.45,84.74,2.25
17.10.2022,92.54,239.08,94.21,2.61
18.10.2022,102.98,283.17,94.39,2.86
19.10.2022,99.16,292.61,89.15,1.89
20.10.2022,118.99,338.65,106.22,2.38
21.10.2022,126.59,324.22,101.65,2.34
22.10.2022,108.43,269.21,88.21,2.27
23.10.2022,127.11,253.27,98.08,2.47
24.10.2022,216.73,273.43,83.31,1.74
25.10.2022,165.09,268.13,75.55,2.02
26.10.2022,139.11,281.73,93.83,2.84
27.10.2022,212.77,382.03,97.08,3.24
28.10.2022,213.59,419.85,126.28,4.35
29.10.2022,231.43,416.86,111.6,3.69
30.10.2022,191.22,366.72,102.43,3.13
31.10.2022,250.49,454.33,115.22,2.88
01.11.2022,255.51,455.43,106.96,3.34
02.11.2022,237.53,431.6,95.15,2.52
03.11.2022,384.99,580.82,108.31,3.58
04.11.2022,335.54,546.64,87.91,3.39
05.11.2022,191.47,325.91,55.75,2.2
06.11.2022,173.69,319.53,69.84,2.64
07.11.2022,185.51,341.43,72.08,3.44
08.11.2022,234.08,394.07,71.83,3.44
09.11.2022,106.08,250.31,68.71,2.63
10.11.2022,155.22,289.44,84.58,2.39
11.11.2022,214.77,347.36,80.66,1.46
12.11.2022,181.18,283.99,85.51,2.11
13.11.2022,158.73,270.15,85.4,2.85
14.11.2022,128.17,256.75,74.89,2.55
15.11.2022,95.94,235.95,94.4,3.3
16.11.2022,112.1,220.41,82.88,1.79
17.11.2022,129.65,234.41,79.13,1.97
18.11.2022,145.27,252.3,86.91,2.68
19.11.2022,127.19,261.63,104.09,2.89
20.11.2022,155.59,271.29,98.22,0
21.11.2022,135.96,250.91,93.18,2.82
22.11.2022,103.36,217.22,87.58,1.7
23.11.2022,87.11,208.38,84.96,1.58
24.11.2022,98.9,224.6,88.04,1.13
25.11.2022,150.65,292.81,93.83,2.14
